{"cameraMode":{"drawMode":0,"name":"Shaded","section":"Shading Mode"},"sceneLighting":false,"audioPlay":false,"sceneViewState":{"m_AlwaysRefresh":false,"showFog":true,"showSkybox":false,"showFlares":true,"showImageEffects":true,"showParticleSystems":true,"showVisualEffectGraphs":true,"m_FxEnabled":true},"in2DMode":false,"pivot":{"x":-0.9377843737602234,"y":0.31903696060180666,"z":0.5418931841850281},"rotation":{"x":-0.0978565588593483,"y":-0.6997435688972473,"z":0.7009928822517395,"w":-0.09749075770378113},"size":2.5750091075897219,"orthographic":false}